--USER
INSERT INTO "USER" VALUES ('U123456', 'MUSICLYFE', 'PERSONAL', 'C000000', 'MUSICLY@GMAIL.CA');

INSERT INTO "USER" VALUES ('U246810', 'TEENEDUCATION', 'BUSINESS', 'C111111', 'EDUCATION@GMAIL.COM');

INSERT INTO "USER" VALUES ('U369121', 'SALLY', 'PERSONAL', 'C222222', 'SALLYS@GMAIL.CA');

INSERT INTO "USER" VALUES ('U481216', 'SPORTSNEWS', 'BUSINESS', 'C333333', 'SPORTS@GMAIL.COM');

INSERT INTO "USER" VALUES ('U510152', 'GAMERBOI', 'PERSONAL', 'C444444', 'GAMERBOI@GMAIL.CA');

--VIDEO
--TEST RANGE: 15 MINUTES, 45 MINUTES
INSERT INTO VIDEO VALUES ('V987654', 'LOVE BY CAT', 'U123456', 'C000000', 'MUSIC', 327, 'Y'); --MORE THAN 5 MINUTES

INSERT INTO VIDEO VALUES ('V123456', 'SHARKS', 'U246810', 'C111111', 'TV SHOWS', 891, 'Y'); --LESS THAN 15 MINUTES

INSERT INTO VIDEO VALUES ('V223344', 'HOW TO APPLY MASCARA', 'U369121', 'C222222', 'TV SHOWS', 749, 'N'); --MORE THAN 10 MINUTES

INSERT INTO VIDEO VALUES ('V998877', 'CAVALIER GAME', 'U481216', 'C333333', 'SPORTS', 4209, 'Y'); -- MORE THAN 70 MINUTES

INSERT INTO VIDEO VALUES ('V777777', 'LEAGUE GAMEPLAY', 'U510152', 'C444444', 'GAMING', 2780, 'N'); --MORE THAN 45 MINUTES


--CHANNEL
INSERT INTO CHANNEL VALUES ('C000000', 'ROMANTICMUSIC4U', 'MUSIC', 'THIS CHANNEL PROVIDES THE BEST ROMANTIC MUSIC FOR YOU AND YOUR LOVED ONE');

INSERT INTO CHANNEL VALUES ('C111111', 'EDUCATIONCHANNEL', 'TV SHOWS', 'AN EDUCATIONAL CHANNEL FOR CHILDREN AND TEENS TO LEARN MORE ABOUT NATURE');

INSERT INTO CHANNEL VALUES ('C222222', 'SALLYSBEAUTY', 'LIVE', 'LIVE BEAUTY ADVICE FOR THOSE IN NEED');

INSERT INTO CHANNEL VALUES ('C333333', 'SPORTSCHANNEL', 'SPORTS', 'UPDATED NEWS ABOUT THE SPORTS WORLD');

INSERT INTO CHANNEL VALUES ('C444444', 'GAMES777', 'GAMING', 'WATCH MY VIDEOS FOR RANDOM GAMEPLAY');


--PLAYLIST

INSERT INTO PLAYLIST VALUES ('P123456', 'SHORT SONGS', 'MUSIC');

INSERT INTO PLAYLIST VALUES ('P222222', 'SHARKS', 'TVSHOWS');

INSERT INTO PLAYLIST VALUES ('P334455', 'BASICS', 'LIVE');

INSERT INTO PLAYLIST VALUES ('P009988', 'CAVALIERS', 'SPORTS');

INSERT INTO PLAYLIST VALUES ('P111122', 'LEAGUE', 'GAMING');


--PLAYLIST ITEM

INSERT INTO PLAYLISTITEM VALUES ('P123456', 'V987654');

INSERT INTO PLAYLISTITEM VALUES ('P222222', 'V123456');

INSERT INTO PLAYLISTITEM VALUES ('P334455', 'V223344');

INSERT INTO PLAYLISTITEM VALUES ('P009988', 'V998877');

INSERT INTO PLAYLISTITEM VALUES ('P111122', 'V777777');


--SUBSCRIPTION
INSERT INTO SUBSCRIPTION VALUES ('U246810', 'U123456');

INSERT INTO SUBSCRIPTION VALUES ('U369121', 'U510152');

INSERT INTO SUBSCRIPTION VALUES ('U510152', 'C000000');

INSERT INTO SUBSCRIPTION VALUES ('U510152', 'C333333');

INSERT INTO SUBSCRIPTION VALUES ('U510152', 'C444444');



--CHATROOM 

INSERT INTO CHATROOM VALUES ('CR12345', 'SONGRECOMMENDS', 'MUSIC');

INSERT INTO CHATROOM VALUES ('CR24681', 'LEARNINGTHINGS', 'TV SHOWS');

INSERT INTO CHATROOM VALUES ('CR36912', 'BEAUTYTIPS', 'TV SHOWS');

INSERT INTO CHATROOM VALUES ('CR48121', 'WINNINGTEAM', 'SPORTS');

INSERT INTO CHATROOM VALUES ('CR51015', 'HOWTOESCAPE', 'GAMING');


--CHATROOM MEMBERS
INSERT INTO CHATROOM_MEMBER VALUES ('CR12345', 'U123456');

INSERT INTO CHATROOM_MEMBER VALUES ('CR24681', 'U246810');

INSERT INTO CHATROOM_MEMBER VALUES ('CR36912', 'U369121');

INSERT INTO CHATROOM_MEMBER VALUES ('CR48121', 'U481216');

INSERT INTO CHATROOM_MEMBER VALUES ('CR51015', 'U510152');